82e6e2a2-dfe9-435e-b47f-2627b3b15270;William
0366fb48-0ec5-4076-9eb1-fd104f85de4e;Andrew
86e3e573-4b44-48e4-84e8-25fd2cb9be87;Joshua
2b3a7f05-81b4-4558-87e4-8cafc87363eb;Alexander
8fac40bb-e687-45df-868a-cdcd26b38b2a;Mason
41417888-f74e-4edb-9d23-6615980b1110;Andrew
a01689fc-81de-4542-ae98-ec54af95c87d;Andrew
4286936e-53b8-4545-9f3f-efc6190220e3;Joshua
11d63e8e-7e0b-4e22-b0dd-ef16c5af119f;Matthew
7ca1561e-8e67-4c93-bece-caf45b389a6a;Daniel
c8110b0a-5f7c-4f46-a562-070b884e19d0;Michael
23de9596-e3f8-41d8-a260-2ec29a99fb33;Liam
573fdfa8-fd5f-43fe-972c-3d2467af077a;Andrew
aacdd544-c94c-4790-9b35-4d8b318b41f1;David
a519ab42-3dca-4578-8f5b-a506dd8dd16a;Michael
f1130a3a-ba2c-4644-ab90-4c36f66472b4;Alexander
26b55780-3f2a-4292-9dab-3263e3fae314;Liam
57b66735-07a7-4699-bfcc-6c3bdf9d4374;Daniel
6ff9e551-d555-427f-a905-a7ce440d27cb;Benjamin
c0e59c27-8537-4d54-afdd-c8793783aef0;David
4f76e91e-89b0-4ecd-a493-be6990093950;Anthony
1411f22f-295d-4454-aa7e-0597f31b3f48;Joshua
df0d4ba2-79a9-41de-bdf5-3c9e182b3abc;Alexander
4b31760b-0610-4497-bafd-017cb21642f9;Jacob
aef7c824-e930-4232-8755-c133bad77ba5;Aiden
373dc754-a9ee-49ec-b43c-05da37d6078c;Anthony
117a40fe-8c45-4ed3-b478-9052236398be;Jayden
0cb6eef6-4a49-4558-9e23-6fc10d45590b;Joshua
319f3ede-11b9-40c4-92fb-6298572582c6;Aiden
49274ae9-30e8-4575-82b1-c9484c9fe225;Mason
d06dddc6-4daf-4826-b911-18ee122ad3ce;Daniel
73d13203-fa1c-4e6c-9cf5-73969434dfe9;Ethan
db0c1ca0-0ee3-4f0a-bc9c-a69212defc4c;Andrew
8cd45c4c-5fbe-4afc-b4ad-2bdc398fddff;Anthony
3d987f1c-d486-42ce-9116-afa7cb4528b3;Matthew
cc3a9578-3428-42de-bb3e-29a048a18267;Jayden
e3fd3d64-e3d6-417c-ba5d-b4396114c9a1;Jacob
3e88165c-313e-4d69-933f-f73b25be067a;Joshua
676a74d9-050f-48cd-ace3-f6d252a8d8cf;Ethan
b2cf9bfa-8cc3-4cf8-af70-88f5e7293719;Daniel
ac752f5a-3c1f-4b1c-8e5e-b54b6abf4ec2;Mason
4721cee9-e0b1-431c-a0d4-8c074a50749a;Joseph
1b20b0d8-bc07-4f1e-9f55-23338cdd120c;Jacob
630b96f2-fbd8-42d9-85a8-192019c9d667;Jacob
e5bb3036-ab1c-4b08-87e0-ec3e0e2f957c;Ethan
c697a649-9ca4-45a3-9084-f0abffede925;Michael
4520fbf5-fdf7-4ab7-9cc2-e44c1a93e48d;Benjamin
6a564af8-3f9c-4637-a20a-6b79a9da4822;James
624bab40-da10-4ebf-a738-eccf5b0315f4;Daniel
773d7af5-f761-472d-989d-5bf34a075b46;Joshua
4a7d21b8-26d6-49de-85d4-71c943c7d492;James
a1abbed1-895b-4c3e-938e-bc5e820b7758;Joseph
d94356ef-3a62-44e1-b49a-6535089e8d13;Andrew
709a63e9-8ffc-4d1e-b999-7984e151853d;Jacob
257057fd-7be2-4637-a657-a42173b968bf;Joshua
d126af5f-40a2-4c91-83b7-270a2c7b525c;Michael
16655808-5f8d-405e-b424-af18162f7599;Michael
92aeac27-de61-4f28-8288-74cde834d7cd;Daniel
4dd6beab-b628-456d-befc-afab422a511a;Alexander
4c503524-40b5-44aa-a290-d0e2d6670663;Joshua
6cb125d6-5a54-4875-867c-56157f9942b8;Daniel
49cf9e41-dc7b-41cf-b51b-73254f5cf8f3;Jacob
81b4caf5-bc2c-47ed-ae85-7f795e49e961;Liam
f0594182-0673-4323-bfec-8b9c5ee8ff8f;Daniel
9fa01db0-f4a4-4768-8753-7cec0f87a863;Liam
6032dabd-74f5-432b-bb62-9ae2da85df9f;David
3205551f-4ff8-4f8f-8b21-b4c08a8fc29d;Mason
8ca68586-093b-4d69-b77c-38aaccf08073;Elijah
489c437e-ad94-42db-a3d5-4b08795cdf6b;Jacob
8eded40f-9822-42b8-a17e-8f3c4192bf29;Alexander
61c8ff6a-6c43-4cfa-9fff-6e2955bfe53e;Daniel
51088a0d-bc57-4760-93ed-ad34a4b91763;Elijah
4200a1c7-1f8e-4c4c-8c11-be1a3d737ffe;William
53b30e19-b16a-4f48-b130-476cc3e0ddb1;Alexander
81f00b1f-af56-4c03-a1e5-cf0d0cee4f83;Alexander
e0b9bbe7-de22-4959-86fa-17211a597afa;William
7afc7da1-ec8d-4ab2-af38-4cbc4d189dc4;Liam
360335e5-e8c5-4909-a87a-41ccac239fa8;David
d0b65b27-78bd-4432-9a31-523ee3654060;Jayden
761077c3-eb62-45a3-a90c-743f155e12f0;Mason
ee55e18a-25f2-44d4-a68e-f80f5e035531;Mason
4fe1aee0-6fab-4794-b17e-fc96c4577ba3;Matthew
b397c266-3fec-49d1-8bec-681d6a4c323f;Matthew
e5ecfcb0-bb63-490c-a57b-306ed34ec4c5;Mason
877f5620-910f-4d3d-be73-5527d32897fd;Aiden
26af3d80-1c5d-42f6-b108-af1dda04b132;Andrew
3655eae9-49f2-4d46-a104-25cc82b8fd7f;Anthony
5cb7294e-877c-49b9-88d9-53977067a1ff;Liam
5237a372-03f0-40c5-b2d3-6f4f24e28521;Alexander
f25288c9-e9cc-43fe-8951-daf492f19380;Ethan
fb864965-f585-4414-b45c-1587ab4b657c;Jayden
bc59fd48-7e41-44be-9d2c-e1604c21e37e;Benjamin
461dca7f-2c74-46e6-8e18-f51fbe14a918;Jayden
b6f7af7b-c929-4087-b100-3dbbb28c67b3;Mason
d7fc8361-add5-41d3-adb9-c6688fed212b;Anthony
8aad19de-1bd6-471d-8292-094163559bcb;Aiden
8f5b8c21-d571-4c08-a3f4-8205fc368d38;Andrew
917a5bf5-4832-4695-8641-2e3781e59508;Alexander
cbfec2b8-4509-4929-b141-727de7187707;Joseph
80b32bfb-7345-41e5-84fe-a71d592a1cda;Benjamin
8d4fb01d-5a70-488b-af15-ecd190c76f18;David
21ed5602-2d8d-4b1e-8f9f-28f4425d7afc;Elijah
193d4c71-8369-4058-a478-bd2d2786ec4e;Anthony
0f459395-58d4-4d8e-8408-de42c67e4148;Mason
277253f0-b354-412a-92b8-f34f7733980d;Noah
7d6f52ee-0a4e-4d0d-bc5a-9c0b55cd7156;Elijah
dc5999d4-321a-4707-a1b7-40124b6bd9c3;Liam
86987d45-89e5-42d6-9076-bd638f10abd6;Joshua
4bc162bd-2419-4a47-bcbf-fe22a61d9381;Daniel
d6c61ce4-3776-4e87-951f-99588cd3754e;Joshua
0888e8bb-ef00-4e3f-8f26-8b9403c7d478;Mason
4b101be4-b003-4d67-92df-828619314c16;Daniel
e41707fe-e3b6-4d26-ad47-bc70eddd5ef3;Anthony
3c9d213b-08ba-456c-804c-addccc05dd05;Noah
3b8eb9a0-c52f-4ddd-b47d-cc44f6d8866a;Joseph
b6aee184-79cf-4a82-be98-d35a9acbe02f;Benjamin
66cca379-572c-46b7-8b14-c4c23ad05a01;Ethan
d582b927-6041-4f82-9144-7cf295e9f2d1;Mason
5b07eca7-9d8c-41d3-bb29-45df6ea8eef9;Aiden
2eaa7937-d3ba-40de-9017-c57524a3613d;Mason
398d163f-8910-4ad9-bdaa-c97776a596e4;Anthony
e93c3fc4-0455-4a46-9363-c4525a48e5e3;Elijah
e9d83c19-4117-4579-8927-0f9b6464db32;Noah
198af277-05e6-4c65-adf5-b7b9180eb2e2;Ethan
7ecb7a3d-2735-4311-8736-040546c3dc5d;James
c8d821e3-9afe-427a-acf2-dae4c96769b5;David
688a8556-c425-42ba-801c-24087cee2af7;Alexander
59ceda37-0b0a-4822-9714-2bd8db49f19e;Benjamin
31d28d9c-2d04-4a34-8492-4ceee237f82b;David
2dc97838-56bb-401c-89e6-d7f6ee80527d;James
fe97dd5e-95cf-4f2c-9136-06723a730e7f;Alexander
0103dbba-0886-4517-9f75-b5dfea77f65e;Mason
19bb4c7a-e1ad-4882-a517-a9d156e77537;Jacob
aae1f99b-9625-4de5-ba97-2b882a1fc3cb;Matthew
9f990126-7935-47e2-a935-31f4b1123377;Michael
2616623c-e98a-456b-b9fa-630a2576e2bc;Jacob
0e573ea7-36a6-441f-8c5c-fa635e771a00;Joseph
5e99eeeb-8975-4bd9-b95e-02373a2f5896;Andrew
f0041dc3-2503-49bb-8cb5-22c4c59fe4f6;Anthony
5ae1ce2e-aab0-4118-979e-c717324ed035;Jayden
21d04169-d1a1-4e66-85f8-081df67945e9;Joseph
48707bee-02be-44e0-b66a-d39dc0dabb5b;Matthew
7a761f39-e4bb-4385-a390-3e8a2bc728e4;William
23502917-1ed5-4ce2-872e-45aa7af39d26;Ethan
f1bfc8ee-0efe-4919-858e-46214712ce31;James
1ac78f9a-aeb2-4372-9c55-2ca8dcec6ed8;Jayden
c15ca7b2-fb10-42fb-aca3-110439fe4210;David
ac20266e-1235-475e-bb63-600b02ae390d;Andrew
ebfd9f75-5a88-48a1-bcc9-0748a48ad612;William
61fbc9ce-b7c6-4bc5-8900-0bade38151de;James
ad62e423-982a-4ad0-b733-b65010b0c352;Matthew
d976907b-13e9-4355-b5f5-1327a3e2b391;Mason
60bf0dc9-c37b-4522-b5f4-b4749f2023db;David
b08b1a19-0069-41f7-bad4-e8d4f14c42a6;Jacob
63f3387d-eb4d-46df-b9f4-642eb6359994;Daniel
f7787c1c-12a9-4c18-8e4b-4a246399b49f;James
3403cf9a-caec-47aa-a288-aa14af62f6b1;Elijah
2b9cb33b-a863-400d-b9e8-0dd6e19fd3c6;David
02b59de7-9146-4874-bc9b-e347dd5fd535;Benjamin
f0e77433-3072-4f01-a8b5-993d72e506fa;Benjamin
3393c1f7-c7be-450e-bc4f-634cc41c4909;Benjamin
bb36cd34-94de-4108-bc25-0eca18f68786;Matthew
ed9134bd-910f-4e84-b433-1d8519cc3508;Jacob
d8f1b0f3-0718-49b5-b40f-2cf40521d983;Alexander
1caea39a-09ab-487b-86d7-c800ad8ae388;Michael
fee6f64c-de08-48a9-91d5-84c3a9c5c164;Joshua
7456b44e-fbb6-4d20-b226-8db02153db02;David
657a3572-e104-4c69-a916-c963e25435da;Alexander
26be19ae-032c-4377-95fa-105b91f0f328;Mason
b92e68c4-6dbd-4ac5-a5a5-6fda29106670;Aiden
dce4ee96-70fb-4f17-99e7-86a6158facae;James
3bfe1837-d44f-4e8d-a1e3-9fa67bd36780;Alexander
6176a9ba-6dfb-4e39-87b3-0d05921d59d7;Daniel
9fd1dec5-5c89-4e80-927e-300046eae94a;Joseph
b6c52e38-b877-4999-8f3e-a328de72739b;Michael
96d54409-d09c-4681-a565-75c0a3330e2c;Jacob
ce6ea3c3-6e6a-45d0-bbb8-85ffae530863;David
ba321479-147c-41a1-bc43-cb2179a1dcb6;Liam
9f199cd6-2599-4770-9576-bd2d7fe93b8e;Noah
9a68bdba-06cb-4324-9d6a-e57eda06dc04;Benjamin
9b70caf1-3625-4f6a-8cf6-1b621ba3ad45;Joshua
77354c8b-a0c4-4584-92aa-b6c0e9842752;Anthony
eddeedfd-ad6a-405a-8318-8be241fc7085;Jacob
1b1d1586-49fe-45a2-aa44-e08dabc0f3f5;Joseph
166d6a32-95b1-494d-8b3a-9eb9d3897af0;Alexander
c03fe5bb-5d61-4e76-bb28-37f45b703ac9;Joseph
420051f5-91d2-43c6-80c0-4a822f530858;David
875cb397-6363-480c-81c4-bc6c6d7634cc;Benjamin
f83dfe52-fba8-4fb6-a3ea-52e6f1710c91;Liam
39a400ca-93a9-442d-a209-34666ea2293e;Elijah
13d0afc2-3936-4194-8dd1-96aeff4db8d4;Matthew
053586c7-1002-410c-914f-1ec726210bce;Matthew
21e9a6cc-b353-4128-a680-d03554e22989;Anthony
f5996f17-0201-48da-9f20-0b2b8094fe70;Elijah
ece6f9a3-cd11-4521-89be-80bae5624270;James
894211c6-a539-473c-be2a-6b9cbfb70a33;James
3c0c545d-1fe9-494a-950e-3e99fc55df26;Noah
0b7b522c-9475-49b7-8ed3-bebae0bdc501;Ethan
49c2228d-b0ed-4b0a-8dec-0eb81c6d0909;Noah
fc2889d7-997b-4df7-a44c-33189517b830;Jayden
9d9304c0-8cda-42bd-ae19-3c6384f83e18;Ethan
80c7cb54-c921-447e-9885-98cb46ebb81d;Daniel
146613fe-aeaf-4cd6-a0a7-10ebb03aa8ab;Mason
377099dd-8cb5-4639-87f0-a66ef8f95b99;Ethan
3067964c-5be9-4d52-951a-5d52e7dc86aa;James
6b8bb7e4-33ad-4040-9591-d75511991bdc;Andrew
ad032d58-006e-45bf-868d-a4426562e285;David
63f5b1d1-c6f2-40e9-b5c2-8c966f2a0e94;Joshua
08f13208-e1ee-4011-9a2f-4023d3ef3c96;Noah
816f5328-b255-4a8a-9ac6-5b8d85d0189f;Alexander
a5ea2a44-89f6-4502-a9ea-c23b1aaa65fe;Joseph
7d345eaa-fbb6-4880-9b5a-45f4f10f3537;Aiden
2651fb08-8092-4379-9151-270d053dbc24;William
b4c65da7-d3ba-4c16-9c46-737e64e56160;Daniel
b5963a5a-ba59-4d86-9078-25514b344644;Noah
031c2097-cc30-4945-ba17-0d804d78309f;Noah
6732a9cc-fec8-4528-b29c-5b27f1c4fa4c;David
adaa95ef-81fe-40f0-a686-b0f76ca1ceb8;Michael
355a9cc6-b28b-42ce-8453-183380929f6b;Ethan
a7563d32-8149-451d-a423-6d859ba3ee59;Jacob
e795cf7f-40a2-494b-9412-f45189596656;Joseph
df21f39f-c493-4e28-9180-ec626a3227d0;David
317507e9-76a3-4c77-a38d-eb6812532daa;Ethan
359e3c18-1a26-49e9-8c2c-1b5732e5e850;Aiden
331b6a02-3577-4e15-917b-ee4a0a02a921;Jayden
337ae6b8-d782-4adb-8525-59a15e062814;William
7d3bef4c-51a6-4baf-92f7-695873e912d6;Liam
fa37f05a-0083-4306-a253-d9f75a051c9b;Joseph
80ca057e-a4f6-4f94-84e5-74c31574d941;Benjamin
dfae4b49-8deb-464b-950b-b6296b7c98f0;David
99b7f1d4-9c93-4fe2-9877-e90851d17d04;Ethan
68fdb71e-71dd-4d43-aec7-aca10537d3ef;Andrew
ecdaa49d-694d-44e8-88aa-8af15677497f;Joseph
6c68174f-3a1c-4ca6-99f9-54bf98576776;Jayden
2818d5d3-86f0-4acd-b018-e3f0c782b786;Elijah
c811dd7e-5242-4c9a-911c-8169d3a60d1c;Mason
d5434133-5bd9-4185-aa7b-e6cd464ec023;Elijah
7eea83f6-1b74-4e4b-8412-83679b713a08;Elijah
8159c5a9-2a4f-4dcb-a304-6bd05381eb43;Liam
d189d956-cd69-435b-869d-c9f8db735915;William
01da36df-58e1-4e5f-b5a7-9c8ad269e627;Benjamin
25c15cb3-d40f-43fb-b93b-29e145c2e03e;Matthew
680fddca-b65f-4f5b-a7c5-e10953d41d34;Noah
6b73e3a6-c3b3-4499-b7f1-adc51d6ad73b;Benjamin
009b961c-cd04-49d6-ab37-6ff11cd78019;Mason
85779f25-f1a9-4db0-905f-29c44a89005a;James
dd4a2e0f-3dd9-4659-a258-f811f5cbb1c2;Mason
c214d17d-4a30-4bf0-99ab-f741c7c58f76;Andrew
498872c7-e082-40c6-8fa3-cf5b0a54114e;Matthew
3f349174-4ad5-4362-a1af-656b7da91dec;David
7c9400af-0289-4fb3-8649-bb57f4595db8;Ethan
f07b92cc-70e1-42d0-bbd5-9562fdd58167;Aiden
3af450c2-fb82-4ff4-914b-085cb6f4c145;Aiden
bd471272-e38a-4d63-b718-da51bb28dd93;David
5a663f6d-36a1-4d6b-9774-4e6c96a67f33;Alexander
688ea57c-2ace-456f-99e9-0679f0b32ee4;Joseph
74e9831f-66cc-4998-aa12-f327e450b7e0;Daniel
48de6815-2bab-4cd3-aff3-07b2fd98f385;Noah
4b1e8dd9-4f7b-4dba-b3fe-d89f317e6657;Noah
812ef2e7-fd41-4873-907a-ca58d9ff90c7;Mason
e1e20869-0734-43cf-a0d7-bc321434f908;Jacob
4a6fd658-f59c-48c6-aae4-9f07bdf45fad;Michael
7b514408-20b7-465f-a0ec-dbf23a28d62b;Ethan
a896fdb4-1eac-4c45-a363-6225f18eb96f;David
cd78ca12-696f-4fae-b794-e1aec7c9639c;Ethan
f19e562c-828b-4a30-afdc-921c5204304b;Joseph
3e5a4ab3-5cd0-48e7-b7a5-3544994d1028;William
c28f5a57-527e-4c8c-bb41-8e858a3be91c;Jayden
7205466d-a1cd-44df-a744-3aa1da30cb78;Elijah
ba72f158-9f8c-4ebe-84cf-de069553c27a;Liam
561ad4e4-443f-4bb1-8476-26ac068fbdcf;Joseph
4c0ae7c4-006f-4a85-9306-e0174ac98ecb;Andrew
07256101-c148-42c8-93bb-826215fba086;Joshua
cde9f065-6b5a-455e-a588-d806695cb41e;Daniel
30e00712-937d-4bc7-9096-7bb7926db7ec;David
27c98095-18e7-4dab-804b-7b9c9f47355a;Andrew
1a361014-b76d-485f-863a-f338628bf623;Noah
793a4a97-719e-429b-b08c-68e3be3cd2f3;Elijah
a0f765de-6b0c-4d10-9f5e-5fb040ba693c;Benjamin
c326203b-71c8-4703-95bf-8ffa29bcf8f7;Daniel
00d5e15c-7465-4a09-ab25-fadadf76f19f;Andrew
df813438-61f6-4e02-98ab-d92aaf6e49d8;Alexander
05ba630d-a8fa-4774-b0b8-035299702bd3;Joseph
dce30f53-cf37-43d0-bab3-d67cb41dcf9e;David
d005c008-fb0b-41c0-969e-7dcd9a557b96;Jacob
ac0103e7-75b4-40b3-8ab2-116a35ae7594;Jacob
bb86be49-c05c-41a9-a026-c4e1fdb0b557;Matthew
a54dddbf-adbd-41bf-b7f6-1237297cb9f9;David
14f75b2c-2e99-47f9-aaaa-37107b1a25e2;David
af13793f-ceba-4fdc-ad18-82d0fab2bbc5;Liam
a146ab2d-68e7-42f5-a095-ee0c4de0343e;Jayden
90fadd12-b307-4b20-9863-e71c10547df8;Michael
6379db4e-42be-4787-a395-64f63c17a102;Joshua
fce0c972-d945-4267-b8b1-6df070496cf3;Aiden
d7f61deb-0953-430c-aae7-ab14982d9d39;David
28480893-07f6-4852-a06b-e52869de7bfc;Alexander
c44e3680-9b90-4fa3-96cb-8d59ad40b846;Ethan
09132df5-fa6e-48a1-a7d8-6ca6c8e2b419;Anthony
dd8cd978-0d67-45c3-8d60-947369a04ccc;David
383d227e-ef68-488e-b8ce-0a89606e80f0;Andrew
37156f11-1d3e-4065-a686-6f6db8cd2aaf;Joshua
78f2a6ee-14ec-4483-9b04-e515e1bdb667;Daniel
8d7e4315-e432-4f39-b684-8bf97c28dc86;Matthew
25b33d88-677e-457f-a878-f7488b6c1763;Alexander
ad386aae-ac42-491e-a3b9-8a5bb90fb7e6;Ethan
849fd969-fc68-49d2-87f0-2d0df6f8ee27;Daniel
e27201d8-7829-4a9e-a766-2b2a864828e6;Matthew
8ff5cb05-c195-4a68-b43d-237d243ac838;Aiden
7a0302b4-28a4-43d7-8e60-f9c137218838;Joseph
49c864e1-0ae2-4495-aa00-bdfd0813fe08;Aiden
dacf0ebf-f3d7-4161-9138-a2523e6e73ad;Ethan
e744851d-efa7-43d1-8b06-4c631a01f5ae;Joshua
a11f59ae-532a-473a-8ba0-5d6520c2ed2f;William
f9d56efe-9cf8-4eca-9c9f-346894f730b1;Alexander
e24e67e3-f575-49f4-a6c2-7a12d92ac6a0;Joseph
ce3f884d-11af-41b2-948b-28ca10d7baf6;Anthony
05ed3472-4861-416f-87b3-9684b8e8be4d;Anthony
f87c9346-6379-48fa-9526-208e6ac9d133;Liam
4605c63c-e680-4cb0-910e-f714162ff343;William
3557fecf-fe8b-4bf5-af3d-0f01bcdf5a3d;Matthew
f864d8f5-8d0b-4f94-bf2d-291a23864653;Michael
31a02a28-df70-487b-bdc8-444808581a02;Benjamin
9439b7c0-f76c-4639-979f-36ff32812ce7;Noah
78022ad3-9ee1-4443-b6ae-5e66b088cca7;Ethan
c9530965-c6f1-47a7-a2f2-6436a977fff0;William
a985f65e-acd3-49c3-acea-db9647574b1b;Alexander
79a56be7-0f8d-4fca-87c6-32d1f9619f7a;Daniel
f1b1ac3e-5df6-4ea7-9752-8f57addcf4fb;Michael
4b783b27-4d4c-4695-a0ec-6425256345a7;Anthony
a2ab10f3-3463-4a2e-9d3c-ce484f39a103;Daniel
14a23b97-ab7c-42f8-a7b9-aab5071b179c;Anthony
214275a1-491b-457a-8eef-68e93a935b14;Aiden
623f5c42-4fb0-4f79-813d-53ccaaa014fa;James
df694d70-f036-4e82-898e-851df8cc6740;Ethan
11efaad1-75d6-40a0-bed6-3d2a2049948b;Benjamin
47e7431c-3ac8-4fff-8199-85fa2cae2d0b;Matthew
378468c8-5e86-4ab1-a01a-d408cc7c288c;Joshua
8cfd2871-5b2b-44a6-94a4-57921e54a244;Liam
c9467132-3be7-4674-98fd-c731b906b8af;Noah
21d9dc27-ca38-4430-bd38-cb48962a4c93;Joseph
1aa5744d-bbdb-4abc-a50d-ab3fa8b0d840;Michael
f3c026e1-cf21-41c7-bbbb-b5a3489d70ea;Elijah
4b651879-dd94-4814-a2c8-4acf55569961;Noah
eca695d1-a033-4431-9c76-e99622d8ae43;Joseph
9b16ff6a-a930-4f69-b288-4b9ac60f4e45;Jacob
875c15f5-f371-4e5d-8d85-532154f3adec;David
88a4d920-6b9d-4ec2-8b54-3fee84ed82ce;Michael
c02d96cf-b0c9-4c6f-abb7-4626b27f1236;Aiden
30f20803-cf74-4cd6-b96b-f1b07b4c24a4;Alexander
f2cf4c83-9767-4ff1-91e2-1ecdb0a3c7a6;Michael
1c310165-fed9-459e-99d7-87b90f80f77a;James
8567f6e8-c2df-455c-b50a-7242c2977451;David
4cd32ed1-6365-4df8-8843-54fe4d7eb6fc;Elijah
15cab0a4-e0ea-4ae2-ae85-4a4b11f321c7;Daniel
0f3d66c6-d716-4f65-95b5-825a9cda67e6;Jacob
65a10fc8-7e0b-4769-aa7b-5b26029b883f;William
4187d40f-fa52-4807-a9a2-9750bbca4860;David
0ba60538-aa07-48f1-8d30-c16e15fccb8b;Michael
ac1d758d-c4eb-4cd4-b4c1-ec32cfcf2399;William
146fde6d-4ca9-4379-8854-c3a3a9597f44;Aiden
00a997eb-5cab-4ab7-bb18-fa1e1e67f40c;Andrew
19a9561e-6c73-43fc-b717-c61a04e698d1;Joseph
87afff85-a889-40bc-9524-01439e45565a;Joseph
5d671d08-f10f-4114-ba73-be6f2f4fc32f;Daniel
bff1863f-9fd2-46ca-8261-0da559234c3e;Liam
2c4b94bf-ee19-45fc-9b43-ff59833f620a;Daniel
06ecbbdc-87cf-455d-9284-40f7d02e6b8d;Liam
4bdd83c1-1fd5-47ed-8bea-50e51bb8bbf7;Andrew
34cadafb-e20b-44eb-b71c-26e14496f230;Jacob
1777adc3-adfb-4683-8f73-e2350fe1560e;Aiden
886411b3-80e9-42a9-b33b-6709659802dd;Alexander
c01cafd3-4f00-46cc-b9d6-c7b7f2101f6b;Mason
ab7acc04-5133-4e04-b3ba-10ab0919b8c7;Mason
0dd49973-47ee-49ed-adb3-8ad216670c82;Anthony
bac42fcc-2d94-411d-b6d7-f6f18e1821cc;Anthony
e7197441-c7e9-4492-9193-0b6856549f93;Joseph
18c0a0d6-f33a-40a8-bc75-c3912b98a7d4;Alexander
41501d5c-3cf4-4727-9812-53cb1b5476de;Elijah
1c06bdf7-177f-486c-9eea-e82508ea4964;Aiden
882af3ad-9fb6-496f-9590-09da6b597f0d;Michael
b1b03dbc-c34c-430d-ad76-fb42c6522881;Daniel
67517aeb-001c-4300-b328-eb6a93215296;Benjamin
cf293d30-f39b-4826-bad5-e7dd5df24e8c;Aiden
4032ba96-7de5-4089-88ee-480c1d3d279e;Daniel
f2d71a5a-ed1b-4dcc-98b1-695caa13ea90;William
93023e70-a845-439e-ac4b-5dd196bddecd;Liam
69f70a16-926d-422b-8b4e-5fe6b0cffb67;Benjamin
8a7c3016-b612-4720-94f7-e2f4243286b2;Anthony
f63e1349-71f7-4b69-8c63-a5ed52440adc;Jayden
1a9e0321-0f23-4de9-8cab-cb86a1857657;Mason
1bda23c3-7caf-4f62-b410-e04305c56165;James
d176a00a-1124-44ef-9265-f7c2f48071fa;Joseph
4dd9e31b-58b5-4609-a35d-064d8df809c1;Elijah
e67c5f17-a586-41d0-a6c0-fef415716ebb;Joseph
4b2bc427-c9d6-4442-8e23-38cadaf0b665;Anthony
b8702915-7941-483d-bb2e-e7c53758e6e5;William
d75abda1-fcdd-4f7e-9d1a-1ab655a1b89c;Joseph
09f0d246-301f-4a04-b94c-8d45f1f589a5;Daniel
0bd8b17d-f27d-4ce4-b9c5-dcca5e132b2b;Joshua
b933491a-e96a-4109-ac7f-95be438b1d32;Ethan
6c0e635c-72e5-4665-ba1b-2145007c165a;Noah
114a8d5c-1309-49e3-8621-f874848050eb;Jayden
413dc40e-608d-4b1a-98d3-781911c0f064;Mason
2ce406e1-02c1-42d9-aca6-2824d3ad569d;Joseph
815345aa-dcfc-482f-bc77-d71a21ade4f6;Ethan
04dff467-c9b7-4081-a469-185739002bfb;Daniel
78a3b675-c455-4d22-adc3-2772d458eb09;Benjamin
8e6cd980-0924-4cc1-8582-faef9038e9ef;Joseph
7dc70e4b-4e75-4928-a32e-706c839a0b03;Jacob
30224ef5-d310-4134-b6b4-8d7a663013e8;Jacob
bf0c67a8-8bb1-472a-905d-2b4de1acb3c4;Benjamin
ed2321b2-f17c-49dd-a841-e5d8d3726742;James
67e700b9-9aa0-417d-ba94-321a48a1b9b8;William
0bf5ed78-c8c5-4540-bccd-9ec83107edd5;Matthew
af6f8cbc-4bb0-401e-8a23-3d43b2355730;Michael
4a2bb8f7-cfdd-4421-9a46-05b6a1b438cc;William
2f067c0e-220d-4f25-b328-21c9cc18ae8c;Mason
1bc9cb2d-d8f1-4bb3-9066-75b886535d07;Jayden
12f6d46c-d7c4-4241-889f-abc172f14862;Andrew
662274eb-db6b-494c-863f-fa39ae3db002;Aiden
371ac968-352a-4de3-b06d-1cf548ac96e9;Anthony
2c371c17-dda7-4f61-b2e4-0bdc756e8fbd;Mason
eadf9208-3fd4-421b-b5fd-bcf2c71301e8;Joshua
196c92ab-78b7-4f92-8a68-d42994298f01;Joshua
cf7e8ec7-00e0-4166-890f-dad675d3e585;Aiden
da025eba-8800-4a42-b7e1-27e2f1c24530;Andrew
8505958e-05ab-4b42-b4e4-da109b997d27;Joseph
cdd61f18-89be-4c60-8d43-ee67a1c00014;Ethan
74bbd3e8-33f7-4c78-846d-3453886a156b;James
847530cd-7a29-4422-8c2d-ee4b029728bc;James
a39adada-49e4-4e77-b861-42fc76d4fc74;Anthony
37e5e297-bb64-400b-9d24-2d6585572923;Jacob
b0d68e2a-5a5a-40e2-b85d-422c9e943747;Andrew
a984a6b0-a2b0-46a1-8739-a9f4babd0b76;Jayden
7c1abfff-6f0a-4fa2-b2c6-dad6bf9596fc;Anthony
279f48cf-f2e0-4f10-a8e2-67f44f0811a4;William
f5ac4776-f476-4448-b81e-73f18f7dc5c8;William
0246af8f-a9ee-4f47-ba33-b3141cc4c422;William
2046e992-0e08-4b4b-bc65-38084a425ec7;Elijah
5241820a-9ad9-4e7a-b61a-d48b677ee090;Jayden
20db3bda-39fb-4d6a-93f9-c05da10af723;Joshua
6107dba5-567e-48a2-8ddb-003799a5cad8;Andrew
ddb85271-0a21-48f2-b838-9c2a58fdbc40;Aiden
88e0a14e-8773-44e7-b899-9581101df3cf;Daniel
98883338-6ce2-4292-a11c-0faab5707ba9;Benjamin
98c7b0a7-97d2-41e3-9dd4-670af4675f04;Joshua
d57c71ee-6a18-40d3-b39f-5d25e55cc2cb;Joshua
1db84e29-3344-4874-bbea-b51dead966ed;David
dd525da3-1e9e-40b2-a4b7-4da46fd98e2d;Liam
eb38ecfc-f1df-44e0-8f07-4bb5225ed228;Liam
47ab4e2c-7958-41af-a383-9995fb29760d;Noah
7dd19839-345c-473d-bc8e-60380fbcb6eb;Ethan
127a5ffe-7b51-4ce4-ab74-e9a5405793f2;Anthony
1e516e06-4897-4af5-aedb-7cb6f5aa5329;David
56472208-3131-4465-b9d8-f6fac05c8193;Jayden
17d1d1ff-a50d-44d6-bffa-7d431a12bbaa;Matthew
7098dc77-ae67-4893-b0cb-2dec3c8c5352;Ethan
2e554fb8-41be-483f-80c0-6c0571f0b034;Jacob
fa65b2d1-50bc-4a77-b6c8-22436e952b7d;Jacob
16ba0865-d818-41b1-8620-0844fdd36cb4;Daniel
6bb56dbb-d410-4906-9aa1-caa696203daf;Matthew
5da53d84-2c9a-4f76-8e2e-057a3920c819;Jacob
2567ba3f-9b2e-4409-8570-1360b990979d;Daniel
e7e0cbb6-9336-4510-bcfc-517d9c7e1ab9;Michael
cda04b06-9286-4c0b-94ea-a4cc0532ec59;Joseph
f89b984f-3b08-4177-884e-0aa27d81b1cd;James
9bfd996f-d690-42e2-afda-63b3b2513531;Mason
0d87f62e-0615-42ac-a5af-73a5311d2af8;Joseph
fc7dc86a-ab18-4a70-93f7-12fd7832feb0;Aiden
be94bcf3-0231-49a1-8192-281061a47118;Mason
d41da972-64fc-4436-9953-0701e626b7f5;Joshua
db42d4d7-71cb-404c-a7f5-0d186ba74ab8;William
bbcee968-7885-4a3a-82d1-e23b4c8e8808;Andrew
44959f5c-6b5d-423c-a2cd-0e0befb5699a;William
e14eeeeb-a87f-4f94-9346-c60ee30a98e3;Anthony
62f89aab-5e95-4154-96e7-66dc34845fe3;Joseph
b930205d-640f-437d-9f14-ce40b0b9e8b3;Jacob
475cb074-5563-4c75-9caf-f1f793820829;Alexander
6cf2ab62-afc6-47ca-91f4-ee76b6240868;Elijah
8582706d-e724-42f7-ad5d-0ed692e7ee52;Noah
229df4e5-6f75-4551-a50d-bf22d0c6d0f3;Joshua
f42aef42-ced1-4405-b9dd-ca2c9ddb5132;Aiden
b2a12cbd-67a3-4366-8aa8-f9d16f277525;William
470bf22c-9708-406d-b24d-c9b778cf3d83;Elijah
315a9528-f919-44a8-b0f4-0ad3b4adf18a;David
47f7716b-f1b7-4b63-96b5-2ab174c8be58;Anthony
71a9c96f-9051-4a2a-8873-18847cbdfc6c;James
e2ec56de-6312-4edc-a150-7611d51b5ccd;Alexander
d08f64e0-3666-4bae-86a0-88da41734d58;Anthony
8550392d-1c50-431f-83ed-53b211536cc7;Matthew
3763908c-e559-4d6f-b626-8bca6fa2ed09;Mason
fc9fe701-4e7f-453c-b1ba-7041e5a70507;Mason
2b603d92-98df-402b-8dd3-6d09e448d7fb;Alexander
34cc8d85-9a56-4172-b4b8-f33549d48e97;James
ed55f2c1-9659-4b15-b0ae-065f4caf9af0;Michael
997bc516-0d56-43e1-a9d9-a13ad1f29e69;Jayden
cf0c2765-6d8b-4d38-b975-e6a281d465c9;Jacob
6474a4df-1445-483d-9efe-49f2eef0baaf;William
874eea15-4c3a-4895-bcc2-78c4f4261b81;Mason
f97683e2-df23-4888-9a1a-70cd5edd9377;Liam
8ae11fae-97cf-4971-b2a2-0041bbcd6363;Daniel
23dc077f-6df3-4400-aacd-efb068c75879;Noah
45c82e55-8075-442e-b6bf-80b811867968;Liam
ac066eb7-576b-4389-ab5e-b7bf4a022c15;Matthew
84b5eb31-3f31-4803-bb66-32ab5766b81b;Liam
e6cf86ed-49da-409f-94c7-97d1d555cce1;Aiden
afad47e8-bc34-4301-8b8e-f43f6dc690ec;Joshua
a675701d-fcd5-4fbe-92a0-9ceec9911f84;Joshua
ee848e08-31b7-4127-b6f9-c1417029d264;Elijah
52724936-484b-4568-bae1-3b27e2325495;Joseph
74019283-973b-410a-9ccc-d90daafd55d8;Jayden
a4c7deaf-4157-4557-9719-e72435985501;Andrew
163b1775-83f8-413e-8583-1ff5719adcf3;Jayden
7d1e3c6f-655e-4ba2-a19f-2e249882973b;Daniel
85176ca6-2f21-4c11-9bc9-0e92fdfa13ed;David
540c6ad3-d95d-4d1d-b111-e6544ed89462;Anthony
6f1847f9-24a9-4e08-93b8-551110bc4182;Jayden
86946ffd-0c36-48cc-bf09-7a60a57eec15;William
64bc99f5-f9c7-43c4-9abc-8996e708e14b;Aiden
a74dff7c-f26c-44d9-88ff-8f3246bcd6a0;Mason
fab8c869-3b38-4d28-8a99-2b41a5367d1a;Mason
2dae8994-3109-4b13-8b2f-dd134d7688bb;Matthew
3689b78b-50e7-4c26-868d-3aac40773a21;Alexander
b1e4a15d-e1ba-4fe1-af74-cd5e88651600;Joseph
e4d03706-6f43-4395-a4de-61fe81caa286;Liam
99b08535-3204-4570-8b70-136871482228;Elijah
755ca2be-01e9-4324-bbc7-c88ecf7f42db;Michael
425a9565-e4e3-43f9-952d-3f5e4530ee09;Aiden
19e84451-12bf-47eb-bfe3-283853bd45dd;Mason
d80b4297-a5fd-4c08-8a17-69d7019b539a;David
db35bd94-f5bb-4ea1-98c3-49b88bd0410d;David
e57654b8-e582-4772-a203-fbbd4f12427c;Michael
6b05c361-45ac-4222-b716-0ffa795ff467;Liam
99496a76-178f-4bd0-842e-fbfda6b2f518;Jacob
5457f52c-1c7d-46c4-8373-d8384dc9711c;Mason
e4f1da6f-aadb-4fe7-9a7e-40c303f0ed02;Alexander
421825e3-85d3-4a57-849a-4ad0f31f0ec0;Noah
465657be-af24-450a-bf4e-d4ec3e556d9c;Michael
c85f52e6-763b-4b30-8f6e-9bdeb9767477;Noah
bd3e0363-d803-4010-b74e-d79b2a83b5da;Joshua
4ae4f7b5-27bb-4706-94e0-a211fb23d807;Anthony
a19bccb3-b766-4b63-b4ae-3ede94dbf85d;James
ece1a5e1-c6bb-4a7b-91f3-257f18ca2204;William
020b8df5-4a82-4be8-8a11-664a3929ff3e;Anthony
c1453efd-14fc-4ff2-8478-3394193e4ec9;Mason
1c962d83-b9f3-4222-bf95-a97bb53e8a25;William
3edf62ad-8230-4104-b5a8-72f0ce698f45;Noah
20d5dda7-d4c3-44f8-960a-03155719461d;Joshua
672ab4e1-e1c2-4a22-bb2e-da05a8f27a5e;David
d163f344-8ee4-4104-8b98-7eff42ba8b4e;Andrew
541dd136-9137-45c6-aad5-87a684b3b267;Jacob
a95a0d37-a6d9-4d02-b6eb-3415407acc86;Liam
04b2b1ee-634f-429d-b567-4dd03be4b0b2;Liam
465e689c-b434-49e9-990d-79d6f705cac6;Jacob
6d14133e-c464-4182-8f78-870b60a647a0;Aiden
c4d257fe-f0fc-430d-9713-8e6867e8da70;Aiden
c96da1fe-9599-49b8-a757-21d8be0791b0;Joshua
3788f97e-6b93-4f9f-81d8-f2e972b892f0;Daniel
3f34d75f-6b32-4420-ab07-6f98e668b408;Andrew
15c77b72-3d41-45d0-b627-e93939f7d65d;Liam
bd5e096e-a9f1-4793-a7ed-446fcec0c217;Jayden
95a1e8a9-be66-4f09-bce6-5cf881d72a67;Alexander
bd7fd3d5-2c8b-4f22-8130-5280469b1844;Michael
ca519e80-688b-446c-a8e7-ca2f38f91060;Ethan
a47531fd-fc92-47d5-b32f-139f30ddce5e;Matthew
c1517da8-b5e5-4928-aac3-514f2fa489f3;William
38bb923e-1042-4923-8b2e-8defb287a472;Benjamin
e8fe7357-6105-4992-b18b-8907ac5b5ea3;Michael
74bedb1b-6ade-4741-ac2d-464d08e33d3a;David
2286a7a2-a351-454a-85a6-27864f5183cb;William
fa6af6d3-4a47-4c06-9da3-720e64b1ef40;Jayden
75d5765e-dd4b-4943-b134-edc09a3be046;Joshua
2072dd13-c32e-427b-9061-7e92a4d37579;James
322ddbc5-a971-441d-82f0-3bd3ba5c0310;James
fcc42929-9ceb-443b-8abd-b658a9981a0e;Michael
5b1c8ab7-d280-4ea2-aac0-b8a7e450eed2;Michael
ca18542a-5ca3-4114-9645-51cc2c7a467f;Alexander
f9999c01-6266-4509-89d5-a2b2837ba7db;Noah
1ad96616-33ab-412b-a905-9a985f3f84d9;Anthony
c33b13ac-979f-4dc8-9c17-ae71fb8403a4;Mason
61a41863-0816-47b4-9c4a-9c9ce196e489;Mason
41036f68-a678-49e3-b59e-1a228f251453;Benjamin
32bcadce-3414-476e-ac9d-d978df472894;Benjamin
ec8dcb0e-1212-4993-856e-185609edd370;Matthew
643b2e87-9246-4952-9795-4e19eb18ac26;Alexander
9a821260-d3ff-4a02-b360-528f0bf1a576;Daniel
a6174677-36bb-49e0-8645-07e89e64b4e1;Aiden
29f3caf3-b115-49fa-bc65-632c92bc310e;Noah
581fe23f-a5f7-4ad5-8dd1-dc329bc2b215;James
51b53435-e259-40b0-8fda-1a66ba34b675;Joshua
b1e56ef2-8ce8-4e4e-a67a-fcdb158d14ba;William
ea4f6b23-d294-4b22-836e-62374709901f;Elijah
da0e8a0c-b927-4cb3-b4bc-ee890abe62b9;Jacob
df32995a-c806-4a71-92a5-c36d98a55c46;William
f551b1aa-d956-42bb-93d1-4acc319a8a96;William
b465281f-aa43-4b66-b6f7-14303d5165c8;William
4b2a53f9-3b19-44fe-9d5c-610043f09e8e;Joseph
c28ca768-71cb-4c3b-88f9-23421b63f895;Liam
40c5d618-9946-45bd-b1d4-752adb77cf24;Jayden
4fcedd45-e5b5-427e-8173-3849a33797e2;Ethan
3b0c8fa4-6859-4f48-a573-7160628e24f8;Mason
8d03df41-1d8a-40b7-8f83-6e0ebb5d59b1;Elijah
28b4ac23-e6a3-4e06-86aa-ce517aa934c0;Alexander
b3cbe061-86c4-4aa3-9e33-57177e922b85;Alexander
da95afb3-0835-4689-bf94-a383d8dd5499;Jayden
725f7a67-aa3e-4faa-8d27-a5c1fc095a0a;Anthony
9801a9e5-4574-4a1e-b366-8358e0eaf38c;Daniel
12b8ec0b-49a5-4692-ac54-8aff176af28e;Jayden
c2f290a9-dbfa-44fb-af92-b678f54c091a;Aiden
9331c1f9-eb15-49f5-b5c2-cca3c5534f2b;Mason
1bb58125-2485-4599-8650-f85febb2ce00;William
ea1f7d9d-79c8-42ca-afaa-0c0ae5d1a1d0;Daniel
28bfbe1a-e596-41b5-ac20-e3da8edd88b5;Joshua
84c12026-5919-4c3b-9f2f-fab2e0e3d09c;Jayden
9c91877d-0550-48dc-8804-70ed1e043121;Liam
e0bac505-5ed2-45c9-9ae2-8515bcc2943e;Daniel
b0611ed8-6b89-4f3f-9552-15f409d13311;Noah
65dc54d4-de10-483e-9623-ec24de10c000;Matthew
af5fff77-2b5f-4f30-8218-a665e33a244b;Jayden
5ee2db1e-8ce3-47cd-9fc0-6ffd921966fa;Aiden
80ccf123-a411-4ed8-af42-03cb03ec56eb;Andrew
0f74085c-2871-4ac9-b5a6-6b1b9dd6ac6d;Aiden
0955a77d-8b2f-4d83-a4dc-8933f46c8560;Jayden
0c02db7a-4743-40f2-89b6-be4d0cb2c780;Jacob
fb46c4e0-65f5-4d0e-975a-991100be9069;Alexander
3c55a2fc-6ce3-4cf6-bcc1-db0ade1619b2;Anthony
7b48cf15-42ed-450f-9c38-720de2090c36;Andrew
aee1a4af-23c9-4678-a80f-669605886445;Andrew
71835daa-c84f-442b-a665-db8aaea265cd;Ethan
0659c1aa-bb42-430b-9c77-54a2aefbd6a6;Joseph
19f1e7eb-fcc2-4e0d-a9f8-3aa86bf819d1;Matthew
2528ad72-94e9-4b43-b5ba-c40fd4e17096;James
72f93988-7c9c-4121-807e-63d742fc5a72;Michael
61776985-4beb-4335-b7d3-ea16cb53842c;Joshua
d4e920b0-bd38-46ca-9cb2-266808322fd5;Jayden
e9399ec7-b2e9-4399-abd2-6ec426a8594b;Benjamin
4e11699d-9779-478d-a2fd-1b05474af987;Ethan
d361c21f-965c-4670-b386-c55651ba9ff9;Liam
e14e691b-2cde-4391-9245-34c3c959ceee;Joseph
d9049c82-6f4a-4b15-9bf3-a2c527aed4d2;Andrew
c47d0a2f-c324-4179-8000-31e16ee04459;Daniel
26bcd6dc-a22f-429a-8408-66bccad12861;Jayden
58a9c561-1df2-4707-8471-70720d2eb7f3;Mason
2c77024c-d836-4795-9fd5-38c2fae02d99;Joseph
09256b1d-d5dc-4dc1-8be7-334cfada18d6;David
88fbd0b7-e5e7-4e0e-aa8e-a9cefa8ee7ed;Jayden
4611ab84-085d-46d3-b269-f5cb1f19610d;Daniel
77494921-a73a-49a8-94d5-339d1a2ed856;Matthew
4a88b8db-0355-4c9e-b0e0-37fe3bb24c9a;Joshua
02f37b35-dfbc-4910-b828-8271fc155009;Noah
0cde21b0-066c-4011-986f-0ba1af7a329d;David
6642024f-8805-4d00-9c2e-a785a5969ecd;Aiden
0008fe6f-f838-417b-b1e7-c8c80ecbf713;Daniel
a1452d22-deb7-4eb6-b58e-46dd2faa430c;William
d3e87522-2c71-4913-9dbc-438d8ac744d6;Anthony
1c74aba2-6222-425e-96da-f49efbbd403a;Alexander
9ea498ef-9982-4393-b677-6ba136209697;Matthew
e9a48274-6bdb-4d44-b794-207ade04325b;Michael
5ef30d08-36c0-485e-b946-c51efe2fc5d9;Mason
d1192064-9dda-42b8-8378-40470bf2ffd2;Ethan
2b5edd4f-1e3b-46b4-95d5-b7c4203f310f;Matthew
1d62240c-62f2-4ddf-81fd-b017ba0b43cf;Benjamin
879530a2-7ae8-4a29-a9ef-46f4be207c3b;Jayden
922d567e-c696-4f3e-8922-528ca332243a;Jayden
b7e1969f-b7d1-4828-bab0-b237dfee7ce1;Michael
ed952377-dd42-46fc-a4fa-ab01b70adfdb;Jayden
ee235ade-8997-4caa-b27e-636707eefa32;Joshua
ad54ee35-177e-48cc-b1f2-60005da7dfd0;Jayden
0cb02612-b356-4549-9436-6f78ad05d439;David
838398c3-ad91-4330-9cf2-fb7def5c6432;Daniel
7f1bffb8-d9de-4f24-a911-07f037b6fbea;Liam
4dc55ba1-30f1-457d-a62e-e3b7980af6e3;Noah
4512e818-c2c7-48a0-8b93-514a314d3bf8;James
ebc38c1b-34a3-45e2-a0b5-ccc09bfa19d5;Anthony
90df644d-c1e5-49cc-b8b5-895e87a146d1;Elijah
3754e106-05da-44da-afcf-adff4c1e3fab;James
6414d88b-2cbd-42b4-a0d3-1ce868ac28c4;Jayden
5cd105f3-2768-443d-a3c5-fd58ca797e1c;Jacob
70541a06-c4cf-4772-92fb-c2f28052529a;William
d09fd4cc-0e9e-4ea2-ae8a-a1d9c6850e76;Joseph
e2a25b6d-f4ae-4a32-a65e-e4f911a30eae;Aiden
813900a6-24fb-4c94-b581-fdcc98d3ae16;Jayden
58595bf7-1d00-44ae-8189-46235387dd98;Mason
ee02f02a-fcbc-4db5-aaf0-946874bc150f;Joseph
bd595205-a233-48cc-af07-02c0eec61f96;Joshua
5ccc684e-a804-47d0-b499-26cd0cfd632f;William
9ba97a3a-086e-4f61-9709-e7b3bc4eb5fb;Noah
04e33f93-743a-4f73-8a56-3c9a0971473b;Benjamin
4e2139ca-9c7a-4d20-84d8-ff244b409e97;Liam
922c870d-36de-4702-ac1a-86cac6906d04;Joshua
d06a79f6-a1c3-4d2e-adea-e3cf3d985efc;Elijah
afa53fd3-d1b5-4b60-a9c8-a2eba48b2246;Alexander
f2d790cc-bcfd-46d4-9058-493be1735b4c;Joseph
73be5ff8-b0f0-480a-87ae-3c0fedd3a5f1;Michael
f173f148-007a-41f6-be3a-78ff14385307;Anthony
db029d76-5e87-42a0-a283-db333cf93ff4;Benjamin
42a3082e-68f0-4b9b-a8eb-31acc36be0c4;Joseph
a2bad723-4760-400f-9184-4ffd52de0880;Noah
b8fc0054-2ea8-4829-8554-26983d1f359e;Matthew
a3c1505a-b7e2-40ee-ac73-55e7fbc88be1;Mason
83b23713-c41f-4beb-933b-72316d410466;Mason
9b8dc74c-d1c2-40cd-a1ea-03d937ba4351;Ethan
7e881a97-b72f-4b19-bec6-6b8659947508;Michael
0a40b2c8-21a8-4ab1-9aa1-5a5882014829;James
97ae449a-fe86-431e-aee6-3fb468f42782;Anthony
2bb5e8c7-967f-4dbe-95de-f8ea7718d576;Alexander
1f32c542-6a6e-410f-b94d-b115079fba5d;David
009b0863-643a-40b2-b033-3d1395ec8730;Michael
eaf31e79-7522-4188-a1bc-2c48e448bcf2;Andrew
b28ffe49-dd66-4823-971a-64046cdb2940;Matthew
43bd023f-9b94-40e1-b2ba-acb9afbe59b3;David
9e1086e5-66fc-4a7f-9aab-ac3ba1c5192d;Noah
2c88c323-c5c0-4f4b-b990-74553abd2ff7;Daniel
17161eab-541c-4fb8-8559-9635b01835bc;Noah
985274d5-1a59-48a5-b44f-758e2a900d5a;Matthew
a138157e-20e0-4de4-a6fc-2b205835b712;James
3cf9c694-a0bf-4a52-ad93-290275cc9ee8;Liam
9b3d178f-5c17-48d7-9b90-547558a1e567;Mason
309427c6-591d-4d66-a8b5-a776845202c9;Benjamin
a1ea0237-c5da-409e-a6dc-b1f65c2d62f6;David
530bcdfd-0b6f-4417-8959-6c06c812c37c;David
7e2ff364-ba92-47da-a626-d19923697a80;Andrew
dbe52adb-38f9-4942-b963-30f610040244;Noah
c0bf2935-9ea6-4649-8505-e3651ed47b43;William
1f93f679-624a-4f56-8db3-f6059219c910;Mason
b72cb6bd-fc84-4af8-b20c-e9a78b552820;Joshua
7b051686-192d-4f4d-94ad-240e86b3f158;Michael
3cf57ae3-82ce-4f65-b67f-7d3fe64b3d7a;Aiden
3c0975e1-fa0a-4d91-97fe-03f2ec5d2f8e;Jayden
a60a1cd3-2f69-485b-87ee-7f522c5ff93c;Elijah
be115dfa-baaa-4e57-8f1f-805c11dacbf6;Liam
cf357be0-422b-45b1-b839-908c06dcb705;James
fb8766c2-191b-4f07-a43e-49d1d05885f5;Jacob
4ec9245d-4c88-4252-a4ba-77401a0ae2f0;Noah
e560e848-a23a-418d-991e-cb3e8548c24e;Jacob
4181853a-8808-414e-8635-20bfcf95310e;Daniel
b1369ea0-d8dd-4d48-961c-787ea23609e8;Jayden
8174444d-c595-4b2a-996b-f26651f78eea;Daniel
36f651a6-17f9-4b82-9adc-f4fa05602d41;Michael
8d642d90-8435-4930-b746-28483a6766de;Matthew
670e0aa7-28ea-401f-b9f5-b7ac16c8a180;Jayden
9ce05eac-527d-4d3b-af8c-1cfbeb1b5c34;Daniel
edf6aecb-a691-4376-a565-b4d17bacf758;Joseph
6486e338-31d6-432a-89fa-6461ed3bb61f;Noah
88ec4c22-c34c-419b-9200-e1e0dc382822;Alexander
c061988e-dd04-4cd7-a70a-78b3435f5fdc;Liam
facb7eb1-442e-44f2-809f-1c6b3e16d64b;Jacob
f71c39e7-9f3b-4a95-ab44-f51522283e8c;Liam
ca558f33-6ed0-41d6-a83f-7fd10c0bc519;Anthony
159de5f8-9b0e-4ea2-8c04-c913146eec2f;David
be973b4c-6c8c-46d0-b34c-7148b54c2893;William
9b7ab047-45d0-42c2-b121-d0333b07c6b4;Daniel
10a9305c-0985-435b-b52b-bb87dbeabab7;Liam
2278e4e6-ae01-4ff4-b931-47fd8251b8c6;Jayden
86d274d7-97d6-4546-9ef5-83b375a231c9;Michael
f8e5138a-7a1b-4ecd-a4fd-3de2e4023d22;Jayden
abbea994-eedf-44e2-80aa-23f0bd79e2fc;Liam
75fc1a1c-a683-4906-81ac-11ab57d720ab;Ethan
dd03f1f8-1244-4155-a615-30360bbba214;William
12a6c5c6-a247-41a0-9bba-b485c254a128;Mason
862673cc-a1d0-4ca8-865a-a6b9b0ab2714;Joseph
0b7dc087-22e6-43e9-bd8e-ba011d6433dc;Daniel
97ab353d-3b16-4c69-82db-210ec304754a;Daniel
2c77345e-e7a1-4fcb-bd97-0ca3459dfdd8;Joshua
49895e99-3096-4033-82b7-3b7a61d9418b;David
76c9920d-a532-4466-89ca-dfd215cec321;Elijah
233bf712-b430-4176-a5c9-682f98a41648;Joshua
caf65105-e6fc-41c4-8152-af029b04bfc4;Benjamin
95bd4c6c-9bb5-4e1b-9b17-d584fb08a41d;James
8d48415b-2956-4e1c-a9ff-2f9365d57aed;James
5533a423-6b66-42c1-92ae-86e47f18c4f9;Liam
5119f41d-aa55-4953-a5ae-fdd4a5326d6f;Matthew
7462cdc2-5188-496e-8be4-f621d971bac0;Michael
367fd6e8-ee23-4641-a6d9-15951bd18d63;Noah
a20acb4c-ab1f-420a-9cae-7b75fa76a536;Jacob
d66fa784-9eda-4098-b59b-5f4c98428981;Ethan
2d7f7c58-80aa-434d-a8e7-ea5831489ba3;Michael
78b5fcdc-6d59-4278-9254-82247103181a;Andrew
27fb1893-511a-46f7-8f59-e1eea67a5ed6;Liam
10c5138e-5ca0-4894-90f1-0564de18a4d1;Ethan
bd340ea4-30bb-46a1-95bd-60676d04021f;Alexander
da2baca6-d3b7-48ed-a84b-7dda725f9ae6;Joshua
09c27b19-02c4-48a7-9eb6-55c45369b3f6;Aiden
114d8a52-ce73-4519-9fe9-610ec38062eb;Michael
13403cd5-a2ee-4af0-abea-6b3a6bbbf3fc;Elijah
512f0df3-bd6e-450a-bb3f-cd5c545ce87a;Elijah
94ed4f45-2d44-4fd1-a459-69d6811b3efc;Benjamin
238d61b0-f7ab-41ab-8ee4-de618ec766b2;Jacob
a37532c3-7502-4dc4-8607-24ade97d6b35;Jayden
d7b19649-05b4-4319-a389-0c40b0fbc8c3;Matthew
2a405b68-d02b-498a-a4ed-20ab35e377d3;Noah
ea1acf94-e594-42b9-9f76-9fb3641449b0;Alexander
68028030-01f7-4c3e-9565-a483385be695;Jacob
95a7c249-f959-42bb-8c97-7925c1273b67;Matthew
f97350f0-af9f-45b9-ac35-093a0cac4886;Michael
b65a9075-02c6-4aa9-86f7-6a73a9695334;Daniel
ee4d976e-27a3-44e6-8669-614fe5b5bd37;William
febddbab-f1e9-4ce8-82f3-b1c3100f73da;Noah
6e9d642d-4b2a-4e3b-8900-a8e997fd0590;Alexander
9a518a9a-6cc4-429a-8933-6b6386f9b66a;James
815da8c5-9b28-48db-8c04-87a74708d632;Mason
d800269c-0f9c-4263-ac0e-d410a61fb710;Benjamin
254c1f4a-28d0-4c59-991d-57d78b011420;Noah
dcc926bc-630c-48a9-b502-5ade157a7292;Alexander
d2784812-21ca-448c-adae-7b68d3186bd3;Joseph
7c873b4b-1ce2-4772-89ed-640876efc218;Benjamin
0e1d8236-125c-4261-826b-9d9eb310c9ec;William
236cc146-a000-4659-8429-97d04944fba6;James
fdc680c4-08d9-40eb-a06a-e18c506a86f2;Andrew
d2feb5e3-2738-4de3-bbb7-214a55864430;Daniel
69d0c513-9332-49ed-9197-f86ba84e1aab;Noah
d4e09489-125f-4af4-be28-5970bf4b70e1;Michael
23649eff-9d46-4b1a-97f9-046f7120c596;Michael
025488fd-5263-43d6-bf13-894aeb3087f6;Jayden
61cdfeee-703c-41a3-ac20-226b43b7bcbf;Joseph
59a65d08-a3c6-455d-946a-c362fa7c9ba9;Daniel
44ea6e9f-2a45-4da5-9486-b583422d6512;Liam
db2e6ce4-805c-4949-996b-cdd0f986f89b;David
e0d40236-6e81-4812-b7f8-d77ab86a8989;Anthony
fa75263e-066c-4407-9ecc-940e4a9d9157;Daniel
a22b8720-4461-454d-aae4-c241dd1d8c81;Ethan
64a37d2d-55cf-4f87-bd28-fcbe4b28b05e;William
8b0cff91-8327-40ad-a36e-2ad9fbd7da78;Andrew
3ecec337-6bff-4ec1-89a1-f279dbe69f9b;Mason
06e48848-f996-4ea9-9a4e-37d70bd408e0;Joshua
e3c40ac6-c7a3-486f-ad67-93d2e7d4afb1;Aiden
c9fad5fc-4c78-42aa-9d04-40bd7c2fbffd;Mason
b919825a-a664-4c06-9804-4de25766a12e;Elijah
793d4a30-1f26-4e74-886b-4d0f004b1ca5;Benjamin
9ef55a07-cea6-4a8b-8a3a-0640dff75864;Aiden
e1062c12-9974-4604-8f7f-4cfa53f25013;Jayden
4e8cd50c-fda4-45e9-8dd4-2e62fac61f85;Alexander
c2f775bf-7644-473f-88c7-44e62bd24519;Elijah
68b773c7-fc03-490f-bd8b-4aab1ce10021;Matthew
774cb07b-711d-4318-bd70-7045fa961616;Mason
a7c70a2a-0d68-4e58-936c-bc0b4f4467d8;Noah
7de2e0bf-635a-45f1-875d-4fdbb8bca379;Daniel
5cb0a328-4ea7-47d7-9e06-81712719f22c;Jayden
e3a25127-362b-4219-9057-fefb44a0770f;Noah
034c2042-302c-46af-86a4-d0ea174a31fd;Andrew
4f0be580-4f6f-42cc-8548-1b7c82474cbf;Joshua
852243ba-54c9-4e33-a8b9-5d0c053e5afd;Joshua
9766eef3-bfd4-43b4-9187-2fdfb3e1a21f;Michael
e65165b7-9c88-45b6-8306-294342cd01db;Noah
21f7eeec-8ba6-45c7-8bd3-794b05faa159;Andrew
c269cdf4-6e55-4307-8760-dd37fccf667f;Andrew
56521082-b2d9-494b-8f77-ad3f2a3f0006;Anthony
9cc612a2-e08b-4454-b0f0-0d51dd3ad8ca;Liam
7571e819-2b4b-403f-84df-7aaabdfac909;Joseph
b049d87c-a77b-4f6d-b882-b39c62d505b9;James
9eb1bb71-22d2-4abb-9211-fd369fb49070;David
7e8e9225-1e34-4470-8cb9-79a18c1adfb9;Liam
59a8a97e-3473-4f95-8846-d602f0e5c681;Mason
55e97795-5998-495d-a2d4-186d4d4721bc;Daniel
79a85bcf-0ad1-4103-aa32-6407d76a961b;Elijah
d0e65ffc-a5f6-43b6-a0cb-b8e02e7c1d94;Ethan
4529f6e3-0587-48dc-b452-14e4d9539559;William
936b5c26-5455-4206-b1bc-901e251274a7;Daniel
1e35a0d4-a60d-4a8c-a70f-54dbe88bd140;Andrew
ef463d35-939d-420a-8459-6e69155909fa;Joseph
acb98fc9-aaac-40b6-a627-f1dcd46cf90b;Joseph
446bc2a9-4452-40e9-b559-68485c05e95e;Jayden
e6999466-f142-4612-b9f8-f8e09defa123;David
4d10a630-c09f-4a6d-bfa3-ae7ff4deb7a9;Michael
bb015cc1-bf33-4318-b2ed-d7a9eedce5df;Michael
f08eb1ef-74e3-4336-9e79-cd84292161b7;Mason
4fb43341-ae63-4528-9c14-58624f9f01f4;James
c1468deb-1992-433a-8c42-15f75d05d06d;Benjamin
bb5bfa5a-beef-448a-b4c3-dc6f4c537b85;Michael
d2c6bcd8-c6af-472d-a6a7-d5e4046e805b;Aiden
43e25005-e325-4832-a714-9538d722b6d0;Benjamin
8e83d04e-f099-4b0f-b108-83d84b10e418;Mason
69b75b5a-a55b-4ba4-a408-2bbd3110081f;Andrew
afb7954c-d581-470a-af2c-01d1fb0737cf;Matthew
78f00245-a124-4c4c-92bb-7e58702bd1a3;Jayden
d2a5a7fc-9256-421c-bd5d-3166af18b21f;Matthew
ebea6e85-aa9d-4afb-b9a7-30b9607eab2f;Alexander
28c6f6a5-1537-4b3b-9a46-97f636df5b0a;James
ed3f4430-68f2-4ccf-81c4-2ab101bc7b6e;Benjamin
ec90bf74-2796-4243-a1f0-41b82237264c;Michael
d68560bb-d3f1-447b-a551-cf1d58d474ae;Benjamin
8eb75854-4f8b-43a0-8f34-4f3419e6f9f7;David
30b740c6-be08-416c-b567-088a1bf62eea;Daniel
802b229b-3704-44e5-b478-44b223843902;Benjamin
c165862b-acc4-4e74-b4ff-6830f4b51252;Elijah
2377ff71-dc2d-441e-a19c-14dd7e849da3;Liam
83c10cd5-5e72-4e9f-9aee-7a603c9c6e68;Ethan
6005ca97-e9f5-4fce-b793-2f1a79c9d3d2;Joseph
34b32940-efd4-4b16-b644-16c29c986d69;Matthew
2d2250d0-238e-4c37-b35e-705d691576eb;Joshua
833fbd63-1b54-4f2f-b2fd-bc1fb5614a54;Mason
2d455579-179b-451b-8a33-4818784c4ebc;Benjamin
bd5356a5-0c24-41c1-880e-6785f876b586;Benjamin
d8fad03d-4213-4af4-9db2-43a30949b87a;Michael
80ee8d2a-93df-44fa-b4e4-c5608bfb1c9e;Michael
31ad3957-9733-43a7-8829-b4a578d79c3a;Noah
3fcf0957-f0d7-440b-8766-2d924dc1349e;Liam
d0002a5f-328a-4197-b98f-307904c34f48;Joseph
98d89aea-b87e-4ce3-ae81-8d3de9a49e3c;Aiden
d585d0de-4242-4dc3-abe9-2324c7de3e4e;Ethan
b0573d3f-edc8-42f5-8bac-d5f8dd829b54;Mason
b6b73970-ef10-4b00-b1fc-dfe7833755da;Joshua
d3b78391-b5d3-4323-b7d1-83a5fee1f666;Aiden
ac5cacdb-a2df-464b-a4ae-3a102868a7c3;Anthony
ff27c76e-f607-4fa7-878f-1bb1d5c0b040;Anthony
ecd70313-4447-47af-8774-11ca06b6ce76;Ethan
87098981-a59a-458f-8b25-29f723fc364c;Liam
623aa209-5d38-47fa-a174-f77342cef15f;Jacob
c4e9db77-fa97-4f7c-9ba2-8edeabb9ae68;Liam
6fa05813-9039-4bd1-a29c-ede1435cb9f9;Mason
ffa153f8-96e6-44cd-b794-7f9e1dab1871;Mason
130075e7-66f8-443c-8c68-298b594a62e9;Liam
0c0cf260-c2fb-487c-bd92-d34e60095677;Aiden
c91a09a0-c294-48a6-91c5-866c9caa8cb3;James
2c90d791-9b58-4de8-8468-410342759710;William
82331249-9a0c-437b-8b3e-f503df7de4c9;Matthew
9e1a7cea-dcfa-450b-a1a0-0f16a1b8c0de;William
0b62f67e-aa6e-4ea9-8eff-fc9bb07329ea;Joshua
f1eae158-40d4-4257-bbba-6721c76097dc;Noah
ce00ab65-1404-40a7-b4e2-2b5c53cd6dce;Jayden
13bbff51-63ca-4a42-810e-10c3c970c4fe;Anthony
d1b65d52-13fc-46d2-ad23-77b31fe31304;Mason
b72b7ba8-1945-42f0-8866-dec7258821a7;Jacob
6f6c6238-9f0f-4615-af65-ecd1e1785241;Joshua
cc4e37e0-9548-49c3-9529-4c1e0d42d16f;Alexander
012b141c-937a-4fa5-b831-832cb4ed50b7;Andrew
69f84927-0b83-4b24-a198-02bb37161ee3;Michael
83d28c83-abff-40dd-9efd-478585ad14b6;Daniel
b4ef327c-1f72-43f4-bb21-5e838891e91a;Matthew
14024cc4-92ee-463f-a986-b4f79f4c4f24;William
4f657f3c-73b7-4267-abe7-e5b7f6a3f0e4;Mason
4985587d-5871-4b8a-8575-279752813e87;Jayden
019c1a28-26f4-4995-a49c-6cf938e21fc4;Matthew
a105474c-425d-454c-a599-9623ea2af279;Alexander
602eaf1f-1fbd-498c-9537-633428e11b2b;Matthew
336ea53a-fd34-4462-9771-6c24bbe05fbf;Noah
d2300d74-1084-4004-bc91-7f7bcc138099;Jayden
99656573-b28b-49bf-b746-a4369b369b62;Ethan
73f2f48e-01ee-4ba8-ad2e-f91da61f352b;Joshua
c131756b-48b5-4b99-91f5-f0c2db9abed4;Daniel
f42ec6f3-418d-4d43-a4e9-36fdda19de70;James
90048bd1-b196-48fd-8811-62bbd33542ad;Joshua
642ef310-be4c-476e-a9db-90baab0e394b;David
894ed708-a79a-4903-b821-f98b6ea78233;Alexander
2dd72d41-4803-400c-8870-40bf9988a8d2;David
22f4a15c-5a9c-48e1-83ba-eee4b8aac885;Noah
ad8e359b-651a-4557-a462-dec145d3f7c8;Andrew
86a8db79-4c74-4507-b52b-61b01991b356;Alexander
942b7dbb-cc14-418d-a22a-b59f04b03d92;William
c5cae234-ed2f-4d95-896b-11b31a440629;Andrew
de614683-eae7-4599-bf52-912c660799c2;Jacob
acfcb08e-b8a9-43b8-9030-9321a25d406f;Joseph
a486d3f6-7232-4326-9e2b-01f39973f24e;William
a1466746-7d31-4b6f-a1e6-7e8126c1cdf3;Noah
35cf3146-6ad4-41ea-b189-2ee619b4d5e6;Jacob
a211811c-39b3-4a9a-bf56-08961fb35911;Elijah
ad9637d9-5bc7-43c3-a2ec-56f20ea888a2;Elijah
ffcc2ab6-2de8-4b37-bb8d-e2d96858cc6d;Joseph
d3dba8c8-79e6-494b-be77-fbd89b2e105b;Elijah
ae79613e-16be-47d6-87b3-961b47fac1ee;James
269c5d4f-b973-4994-8235-89f24d8b598d;Michael
42ca46ac-a6fe-44e5-a99c-3313f24240f1;Matthew
9a600561-22a9-48be-be0e-ca07113280fb;Joseph
6e6b4d7f-532e-421d-aa65-83c78044357f;Aiden
2847f196-c187-4533-ba38-0c2790302088;Alexander
8481be6b-9c49-4294-80a5-5f0f12fb827e;Jacob
420c9c67-ad2e-467d-a3ca-0cae151cf237;Michael
481b559c-ba76-48a3-9182-3a1caed32527;Aiden
d8cfcd26-8816-4448-b380-c8a6d2a73f2a;Noah
1a96b676-6264-4438-9c76-31140092e131;Jacob
b37160b7-a9d7-4394-9cc8-c8ec290b55f9;William
a290e009-4053-442a-a028-3e37c38bc64a;Joshua
287bd34f-6cc3-4e69-9fdd-5b562f643d40;Joseph
dccea2de-7219-42fa-88bc-473a3072eac9;Liam
a5afe777-ea7b-4957-9754-6798a8accbe2;William
a2074a10-e2bd-459a-ac74-f40bcbe7a61e;Jacob
f59d72ae-9d18-4a35-84fb-3480874ee183;Daniel
44d51a8d-da7d-4b64-ad9b-9afd2544cd19;Jacob
61b32913-3ebc-4758-9c7c-976d80091541;Liam
47c35292-7f79-4d95-adc0-e404372f78a9;William
19126cbb-1a6c-43d0-aa9f-15bf26336fa8;Anthony
33b4c0f7-a41c-4ef4-a3d5-6fbeb900738a;Aiden
0d42d7c7-2dd8-4b92-a263-163af5a4b946;Elijah
00dfc86f-71e4-4d0d-970f-c8b9ef03e6ca;Liam
aa524bd1-23ae-4428-af0d-5e587f579e22;Benjamin
a8a3bb5e-bfcb-4d67-acb4-d3c6c67f7ece;Alexander
a55c1d92-62e0-456e-b9ea-c32be35fb409;Daniel
edbc6fcf-6cce-46bf-bbbc-123596e0cfa4;Mason
768bf0c6-13bb-4bfa-88c5-e4b92dc3cb99;Alexander
56169374-1c20-45a8-b1ca-adfe18a5b396;Benjamin
31be6e14-267e-43a5-ac00-7ac31b471301;Joshua
7de5d4d1-bce0-43b9-b0ba-478eb6a4936a;Jacob
ec8c4856-fba0-4844-b1ab-a7c7a8114236;Jayden
1ada75ca-7c05-4447-87fd-8d09dd2feb73;Jacob
30e879bb-081a-4e07-95d6-1525d511a0a8;Jayden
effd85bb-3d1f-4683-966b-b8550d8b85a4;Elijah
6e148b2e-07a4-447f-9f77-5498a34be776;Jacob
f3e000b6-1af6-4a2c-8bf4-f53242cb96d9;David
53002de4-6992-4ba9-be04-5a047dcec101;Ethan
f0ea012e-9228-4cee-b2b3-c3613e0577de;Daniel